epoch,time,train/box_loss,train/cls_loss,train/dfl_loss,metrics/precision(B),metrics/recall(B),metrics/mAP50(B),metrics/mAP50-95(B),val/box_loss,val/cls_loss,val/dfl_loss,lr/pg0,lr/pg1,lr/pg2
1,381.771,0.44558,0.4796,0.91726,0.90458,0.94819,0.96195,0.89199,0.3423,0.33632,0.83175,0.00031438,0.00031438,0.00031438
2,761.433,0.43958,0.41588,0.91667,0.94566,0.88756,0.97027,0.88594,0.38094,0.38139,0.84793,0.000630318,0.000630318,0.000630318
3,1141.46,0.46181,0.44416,0.92259,0.95885,0.94248,0.98065,0.898,0.38411,0.3324,0.85374,0.00093324,0.00093324,0.00093324
4,1518.86,0.46478,0.42641,0.92569,0.95002,0.95182,0.98372,0.89541,0.38665,0.33743,0.85241,0.00122315,0.00122315,0.00122315
